src,seed,fold,window_acc,subject_acc,subject_acc_soft,roc_auc,n_subjects,n_windows,test_hc,test_pd
probs_hw_run_R4_L1_s1.npz,1,0,0.7619047619047619,0.9230769230769231,0.9230769230769231,0.803367311640359,13,3528,772,2756
probs_hw_run_R4_L1_s1.npz,1,1,0.7951704545454545,0.7692307692307693,0.7692307692307693,0.872282483826108,13,3520,745,2775
probs_hw_run_R4_L1_s1.npz,1,2,0.8599721059972106,0.9285714285714286,0.9285714285714286,0.9276750608679656,14,3585,509,3076
probs_hw_run_R4_L1_s7.npz,7,0,0.753968253968254,0.7692307692307693,0.7692307692307693,0.749132368755499,13,3528,772,2756
probs_hw_run_R4_L1_s7.npz,7,1,0.778125,0.7692307692307693,0.7692307692307693,0.8473199105145415,13,3520,745,2775
probs_hw_run_R4_L1_s7.npz,7,2,0.8382147838214784,0.9285714285714286,0.9285714285714286,0.922505435324114,14,3585,509,3076
probs_hw_run_R4_L1_s42.npz,42,0,0.7789115646258503,0.8461538461538461,0.8461538461538461,0.8019112327695768,13,3528,772,2756
probs_hw_run_R4_L1_s42.npz,42,1,0.8102272727272727,0.8461538461538461,0.7692307692307693,0.8581452324808029,13,3520,745,2775
probs_hw_run_R4_L1_s42.npz,42,2,0.8119944211994421,0.8571428571428571,0.8571428571428571,0.8759334578369581,14,3585,509,3076
