피험자 번호,군,p(시드42),p(시드1),p(시드7),p 평균,명확도 |p-0.5|,애매(<0.1)
42,환자,0.6515,0.4424,0.4571,0.517,0.017,O
61,환자,0.5685,0.5277,0.4625,0.5196,0.0196,O
22,정상,0.5709,0.4386,0.4288,0.4794,0.0206,O
54,환자,0.4758,0.5661,0.3868,0.4762,0.0238,O
45,환자,0.6394,0.5361,0.4149,0.5301,0.0301,O
7,정상,0.4844,0.4259,0.4641,0.4582,0.0418,O
4,정상,0.4504,0.396,0.4999,0.4488,0.0512,O
36,환자,0.5226,0.4968,0.3144,0.4446,0.0554,O
5,정상,0.534,0.345,0.3769,0.4186,0.0814,O
20,정상,0.5756,0.3925,0.2819,0.4167,0.0833,O
44,환자,0.4105,0.464,0.3631,0.4125,0.0875,O
53,환자,0.643,0.4746,0.6943,0.604,0.104,
6,정상,0.441,0.4567,0.2654,0.3877,0.1123,
12,정상,0.2804,0.3742,0.4398,0.3648,0.1352,
51,환자,0.3586,0.4316,0.286,0.3587,0.1413,
41,환자,0.5299,0.3283,0.2118,0.3567,0.1433,
49,환자,0.6336,0.6629,0.6344,0.6436,0.1436,
14,정상,0.3079,0.3163,0.4336,0.3526,0.1474,
37,환자,0.7055,0.6752,0.599,0.6599,0.1599,
59,환자,0.7254,0.6911,0.6133,0.6766,0.1766,
21,정상,0.936,0.6775,0.4263,0.6799,0.1799,
19,정상,0.693,0.6811,0.699,0.691,0.191,
43,환자,0.5778,0.7412,0.7831,0.7007,0.2007,
57,환자,0.7128,0.6605,0.7499,0.7077,0.2077,
13,정상,0.2603,0.2577,0.3343,0.2841,0.2159,
29,정상,0.2968,0.2006,0.3518,0.2831,0.2169,
27,정상,0.3392,0.2703,0.2291,0.2796,0.2204,
30,정상,0.2249,0.2082,0.3948,0.276,0.224,
46,환자,0.816,0.7323,0.6488,0.7324,0.2324,
26,정상,0.2286,0.1812,0.3676,0.2591,0.2409,
11,정상,0.2952,0.302,0.1795,0.2589,0.2411,
32,정상,0.7571,0.7278,0.7448,0.7432,0.2432,
50,환자,0.7292,0.7799,0.7226,0.7439,0.2439,
9,정상,0.4096,0.2002,0.0815,0.2304,0.2696,
25,정상,0.2152,0.2405,0.1655,0.2071,0.2929,
55,환자,0.8582,0.8344,0.704,0.7989,0.2989,
10,정상,0.1634,0.2449,0.1705,0.1929,0.3071,
33,정상,0.0901,0.2366,0.2154,0.1807,0.3193,
3,정상,0.2348,0.1545,0.1473,0.1789,0.3211,
2,정상,0.104,0.1482,0.2662,0.1728,0.3272,
17,정상,0.3503,0.1121,0.0551,0.1725,0.3275,
18,정상,0.1468,0.1717,0.1988,0.1724,0.3276,
56,환자,0.8686,0.884,0.7813,0.8446,0.3446,
1,정상,0.1107,0.1986,0.1442,0.1512,0.3488,
40,환자,0.8734,0.9103,0.8176,0.8671,0.3671,
8,정상,0.0588,0.1645,0.159,0.1274,0.3726,
15,정상,0.1672,0.1141,0.0758,0.119,0.381,
52,환자,0.8801,0.8729,0.91,0.8877,0.3877,
58,환자,0.8807,0.9298,0.8719,0.8941,0.3941,
39,환자,0.8822,0.9333,0.9009,0.9055,0.4055,
48,환자,0.8746,0.9328,0.9153,0.9076,0.4076,
47,환자,0.8846,0.9477,0.9198,0.9174,0.4174,
31,정상,0.0761,0.1162,0.0535,0.0819,0.4181,
34,정상,0.0688,0.0569,0.1016,0.0758,0.4242,
28,정상,0.0267,0.0843,0.1099,0.0736,0.4264,
38,환자,0.9304,0.9687,0.9361,0.945,0.445,
23,정상,0.0515,0.0176,0.0116,0.0269,0.4731,
16,정상,0.0527,0.0099,0.0129,0.0252,0.4748,
60,환자,0.9678,0.9913,0.9765,0.9786,0.4786,
35,정상,0.0228,0.0062,0.0018,0.0103,0.4897,
24,정상,0.0251,0.0015,0.0013,0.0093,0.4907,
