채널,채널코드,군,dz(시드42),dz(시드1),dz(시드7),dz 평균(막대),SD(오차막대),Holm p(시드42),Holm p(시드1),Holm p(시드7)
마이크,ch0,환자,-0.1769,-0.6853,-0.3354,-0.3992,0.2601,1.0,0.0084,0.8467
마이크,ch0,정상,-0.0274,-0.3892,0.0613,-0.1184,0.2386,1.0,0.0056,1.0
그립력,ch1,환자,-0.158,-0.3641,-0.1936,-0.2386,0.1102,1.0,0.9776,1.0
그립력,ch1,정상,0.2167,-0.3373,-0.003,-0.0412,0.279,1.0,0.9776,1.0
축압력,ch2,환자,0.8702,0.8668,0.8187,0.8519,0.0288,0.0008,0.003,0.0063
축압력,ch2,정상,0.1038,-0.2371,-0.0468,-0.06,0.1708,1.0,0.9776,1.0
기울기X,ch3,환자,-0.3024,-0.2345,0.1789,-0.1193,0.2605,1.0,0.9776,1.0
기울기X,ch3,정상,0.433,0.2299,0.4793,0.3807,0.1327,0.1424,0.9776,0.0955
기울기Y,ch4,환자,-0.4438,0.1659,-0.0388,-0.1056,0.3103,0.0176,1.0,0.9814
기울기Y,ch4,정상,0.1133,0.0747,-0.1112,0.0256,0.12,1.0,1.0,1.0
기울기Z,ch5,환자,-0.0825,0.2499,0.0708,0.0794,0.1664,1.0,0.8843,1.0
기울기Z,ch5,정상,0.4423,0.4703,0.3855,0.4327,0.0432,0.1302,0.1642,0.3562
