win_ms,group,channel,subject,n_windows,sel_rel,non_rel,sel_abs,non_abs
1000,환자,ch0,P_201-010-181-351-125,560,1.585829,1.586411,0.0155,0.0155
1000,환자,ch0,P_201-010-251-308-171,238,1.189193,1.209379,0.0233,0.0188
1000,환자,ch0,P_201-011-081-122-236,293,1.318867,1.299916,0.0172,0.0173
1000,환자,ch0,P_201-011-081-258-143,790,1.098614,1.100385,0.0223,0.0222
1000,환자,ch0,P_201-012-061-058-374,488,1.313716,1.335323,0.0169,0.0167
1000,환자,ch0,P_201-012-061-134-596,143,1.1888,1.231662,0.0442,0.0383
1000,환자,ch0,P_201-012-131-208-463,176,1.137896,1.161081,0.0213,0.021
1000,환자,ch0,P_201-012-131-347-456,270,1.465997,1.477907,0.0145,0.0145
1000,환자,ch0,P_201-102-211-212-128,229,1.168153,1.209489,0.0223,0.0195
1000,환자,ch0,P_201-102-211-519-036,118,1.229063,1.223608,0.0212,0.0217
1000,환자,ch0,P_201-102-211-546-408,222,1.249582,1.273655,0.021,0.0207
1000,환자,ch0,P_201-103-141-258-013,444,1.244723,1.236934,0.0185,0.0188
1000,환자,ch0,P_201-103-281-312-265,235,1.206406,1.197593,0.0208,0.0211
1000,환자,ch0,P_201-104-041-454-335,163,1.230804,1.238938,0.0187,0.0182
1000,환자,ch0,P_201-104-111-307-518,448,1.341626,1.376159,0.0195,0.0187
1000,환자,ch0,P_201-104-111-410-036,155,1.152771,1.173231,0.0306,0.0263
1000,환자,ch0,P_201-104-251-352-312,312,1.391411,1.395428,0.0153,0.0153
1000,환자,ch0,P_201-105-091-319-244,191,1.29151,1.300383,0.0214,0.0209
1000,환자,ch0,P_201-105-091-557-007,175,1.074464,1.104005,0.0342,0.0307
1000,환자,ch0,P_201-105-161-312-143,284,1.360026,1.371351,0.0172,0.0173
1000,환자,ch0,P_201-105-231-304-467,297,1.06994,1.088212,0.0235,0.0221
1000,환자,ch0,P_201-106-061-401-372,801,1.264426,1.272441,0.0181,0.0177
1000,환자,ch0,P_201-106-061-433-502,402,1.220312,1.225464,0.0184,0.0182
1000,환자,ch0,P_201-106-201-512-198,217,1.264136,1.262281,0.0322,0.0288
1000,환자,ch0,P_201-106-201-535-415,522,1.445205,1.446639,0.0151,0.0151
1000,환자,ch0,P_201-106-271-301-508,434,1.126147,1.147338,0.0191,0.018
1000,환자,ch1,P_201-010-181-351-125,560,0.189721,0.195823,0.0237,0.0225
1000,환자,ch1,P_201-010-251-308-171,238,0.208635,0.201339,0.0257,0.025
1000,환자,ch1,P_201-011-081-122-236,293,0.229922,0.223436,0.0289,0.0282
1000,환자,ch1,P_201-011-081-258-143,790,0.223263,0.222358,0.0258,0.0253
1000,환자,ch1,P_201-012-061-058-374,488,0.242028,0.237583,0.032,0.0314
1000,환자,ch1,P_201-012-061-134-596,143,0.223748,0.226076,0.0318,0.0308
1000,환자,ch1,P_201-012-131-208-463,176,0.193918,0.192881,0.026,0.0254
1000,환자,ch1,P_201-012-131-347-456,270,0.060245,0.058728,0.0058,0.0055
1000,환자,ch1,P_201-102-211-212-128,229,0.187569,0.194027,0.0262,0.0252
1000,환자,ch1,P_201-102-211-519-036,118,0.24066,0.233223,0.022,0.0217
1000,환자,ch1,P_201-102-211-546-408,222,0.213717,0.214491,0.0305,0.0283
1000,환자,ch1,P_201-103-141-258-013,444,0.220207,0.196779,0.0313,0.0301
1000,환자,ch1,P_201-103-281-312-265,235,0.272863,0.266401,0.0271,0.0273
1000,환자,ch1,P_201-104-041-454-335,163,0.217408,0.213967,0.0251,0.025
1000,환자,ch1,P_201-104-111-307-518,448,0.20332,0.195125,0.0265,0.0252
1000,환자,ch1,P_201-104-111-410-036,155,0.188656,0.201519,0.0278,0.0261
1000,환자,ch1,P_201-104-251-352-312,312,0.225644,0.222667,0.0228,0.0227
1000,환자,ch1,P_201-105-091-319-244,191,0.218875,0.22613,0.0261,0.0252
1000,환자,ch1,P_201-105-091-557-007,175,0.18736,0.184151,0.0288,0.0279
1000,환자,ch1,P_201-105-161-312-143,284,0.229351,0.234996,0.0268,0.0254
1000,환자,ch1,P_201-105-231-304-467,297,0.205904,0.202872,0.0301,0.0291
1000,환자,ch1,P_201-106-061-401-372,801,0.220701,0.2213,0.0228,0.0222
1000,환자,ch1,P_201-106-061-433-502,402,0.29752,0.299885,0.0263,0.0252
1000,환자,ch1,P_201-106-201-512-198,217,0.083443,0.084298,0.0043,0.004
1000,환자,ch1,P_201-106-201-535-415,522,0.244209,0.228674,0.0259,0.0252
1000,환자,ch1,P_201-106-271-301-508,434,0.200671,0.213092,0.0211,0.0206
1000,환자,ch2,P_201-010-181-351-125,560,0.232028,0.234888,0.0003,0.0003
1000,환자,ch2,P_201-010-251-308-171,238,0.083845,0.086226,0.0069,0.0062
1000,환자,ch2,P_201-011-081-122-236,293,0.066981,0.068331,0.0055,0.0051
1000,환자,ch2,P_201-011-081-258-143,790,0.061483,0.061591,0.0084,0.008
1000,환자,ch2,P_201-012-061-058-374,488,0.0631,0.062688,0.0057,0.0054
1000,환자,ch2,P_201-012-061-134-596,143,0.064458,0.0685,0.0094,0.0079
1000,환자,ch2,P_201-012-131-208-463,176,0.080862,0.086311,0.0078,0.0068
1000,환자,ch2,P_201-012-131-347-456,270,0.06687,0.070765,0.0041,0.0039
1000,환자,ch2,P_201-102-211-212-128,229,0.0668,0.072109,0.011,0.0099
1000,환자,ch2,P_201-102-211-519-036,118,0.064162,0.067012,0.0048,0.0043
1000,환자,ch2,P_201-102-211-546-408,222,0.073889,0.074461,0.0075,0.0072
1000,환자,ch2,P_201-103-141-258-013,444,0.056258,0.058128,0.008,0.0077
1000,환자,ch2,P_201-103-281-312-265,235,0.069744,0.072238,0.0053,0.005
1000,환자,ch2,P_201-104-041-454-335,163,0.070048,0.072839,0.008,0.0073
1000,환자,ch2,P_201-104-111-307-518,448,0.070404,0.072487,0.0042,0.0039
1000,환자,ch2,P_201-104-111-410-036,155,0.059323,0.06668,0.0115,0.0102
1000,환자,ch2,P_201-104-251-352-312,312,0.061374,0.063376,0.0062,0.006
1000,환자,ch2,P_201-105-091-319-244,191,0.058864,0.062366,0.0077,0.0065
1000,환자,ch2,P_201-105-091-557-007,175,0.067293,0.069559,0.0129,0.0117
1000,환자,ch2,P_201-105-161-312-143,284,0.066198,0.066249,0.0024,0.0022
1000,환자,ch2,P_201-105-231-304-467,297,0.070597,0.072542,0.0114,0.0108
1000,환자,ch2,P_201-106-061-401-372,801,0.074406,0.078156,0.0055,0.0051
1000,환자,ch2,P_201-106-061-433-502,402,0.064734,0.06681,0.0059,0.0058
1000,환자,ch2,P_201-106-201-512-198,217,0.055484,0.057338,0.0111,0.01
1000,환자,ch2,P_201-106-201-535-415,522,0.062646,0.065047,0.0032,0.0032
1000,환자,ch2,P_201-106-271-301-508,434,0.083047,0.088778,0.0058,0.0053
1000,환자,ch3,P_201-010-181-351-125,560,0.26305,0.286147,0.008,0.0076
1000,환자,ch3,P_201-010-251-308-171,238,0.278125,0.284755,0.0095,0.0088
1000,환자,ch3,P_201-011-081-122-236,293,0.289792,0.290182,0.0115,0.0112
1000,환자,ch3,P_201-011-081-258-143,790,0.304151,0.306666,0.0092,0.0088
1000,환자,ch3,P_201-012-061-058-374,488,0.359925,0.365725,0.0058,0.0058
1000,환자,ch3,P_201-012-061-134-596,143,0.263316,0.277364,0.0195,0.0187
1000,환자,ch3,P_201-012-131-208-463,176,0.247671,0.268557,0.0132,0.0137
1000,환자,ch3,P_201-012-131-347-456,270,0.265397,0.27233,0.0081,0.0076
1000,환자,ch3,P_201-102-211-212-128,229,0.278011,0.292603,0.0102,0.0101
1000,환자,ch3,P_201-102-211-519-036,118,0.238774,0.253424,0.0097,0.009
1000,환자,ch3,P_201-102-211-546-408,222,0.295914,0.299521,0.0131,0.013
1000,환자,ch3,P_201-103-141-258-013,444,0.318305,0.325692,0.0083,0.0081
1000,환자,ch3,P_201-103-281-312-265,235,0.23489,0.241466,0.0094,0.0087
1000,환자,ch3,P_201-104-041-454-335,163,0.250335,0.254263,0.0129,0.013
1000,환자,ch3,P_201-104-111-307-518,448,0.335758,0.341831,0.0048,0.0047
1000,환자,ch3,P_201-104-111-410-036,155,0.231051,0.243635,0.0121,0.0112
1000,환자,ch3,P_201-104-251-352-312,312,0.271567,0.289309,0.0101,0.0099
1000,환자,ch3,P_201-105-091-319-244,191,0.248261,0.256488,0.0115,0.011
1000,환자,ch3,P_201-105-091-557-007,175,0.270658,0.292124,0.0185,0.0159
1000,환자,ch3,P_201-105-161-312-143,284,0.291647,0.309616,0.0061,0.0059
1000,환자,ch3,P_201-105-231-304-467,297,0.259594,0.274546,0.0143,0.0129
1000,환자,ch3,P_201-106-061-401-372,801,0.294833,0.308781,0.014,0.0134
1000,환자,ch3,P_201-106-061-433-502,402,0.32246,0.33291,0.009,0.0088
1000,환자,ch3,P_201-106-201-512-198,217,0.241377,0.25191,0.0139,0.013
1000,환자,ch3,P_201-106-201-535-415,522,0.304639,0.311209,0.0056,0.0053
1000,환자,ch3,P_201-106-271-301-508,434,0.223885,0.247029,0.0129,0.0113
1000,환자,ch4,P_201-010-181-351-125,560,0.241573,0.253106,0.0157,0.0156
1000,환자,ch4,P_201-010-251-308-171,238,0.271976,0.26628,0.0164,0.015
1000,환자,ch4,P_201-011-081-122-236,293,0.207595,0.222148,0.011,0.011
1000,환자,ch4,P_201-011-081-258-143,790,0.216591,0.220979,0.0117,0.0118
1000,환자,ch4,P_201-012-061-058-374,488,0.289455,0.294872,0.0133,0.0122
1000,환자,ch4,P_201-012-061-134-596,143,0.278211,0.271751,0.0417,0.0385
1000,환자,ch4,P_201-012-131-208-463,176,0.230633,0.242886,0.0145,0.0147
1000,환자,ch4,P_201-012-131-347-456,270,0.242254,0.252864,0.0095,0.01
1000,환자,ch4,P_201-102-211-212-128,229,0.26211,0.267236,0.0188,0.0177
1000,환자,ch4,P_201-102-211-519-036,118,0.225173,0.216561,0.0202,0.0187
1000,환자,ch4,P_201-102-211-546-408,222,0.275169,0.278585,0.016,0.0158
1000,환자,ch4,P_201-103-141-258-013,444,0.270673,0.282432,0.0154,0.0157
1000,환자,ch4,P_201-103-281-312-265,235,0.144992,0.158137,0.0127,0.0125
1000,환자,ch4,P_201-104-041-454-335,163,0.243661,0.248673,0.0172,0.016
1000,환자,ch4,P_201-104-111-307-518,448,0.247984,0.250068,0.0087,0.0079
1000,환자,ch4,P_201-104-111-410-036,155,0.247191,0.254055,0.0253,0.0207
1000,환자,ch4,P_201-104-251-352-312,312,0.203922,0.214741,0.0109,0.0107
1000,환자,ch4,P_201-105-091-319-244,191,0.236097,0.251367,0.0123,0.0129
1000,환자,ch4,P_201-105-091-557-007,175,0.267162,0.264699,0.0288,0.024
1000,환자,ch4,P_201-105-161-312-143,284,0.263625,0.27767,0.007,0.0067
1000,환자,ch4,P_201-105-231-304-467,297,0.256211,0.26316,0.0193,0.0187
1000,환자,ch4,P_201-106-061-401-372,801,0.246393,0.253084,0.021,0.0209
1000,환자,ch4,P_201-106-061-433-502,402,0.281914,0.298289,0.0084,0.0083
1000,환자,ch4,P_201-106-201-512-198,217,0.168609,0.17279,0.019,0.0192
1000,환자,ch4,P_201-106-201-535-415,522,0.201237,0.20805,0.0086,0.0085
1000,환자,ch4,P_201-106-271-301-508,434,0.215417,0.240881,0.0165,0.0159
1000,환자,ch5,P_201-010-181-351-125,560,0.221752,0.241474,0.0183,0.0175
1000,환자,ch5,P_201-010-251-308-171,238,0.2552,0.263406,0.0122,0.0119
1000,환자,ch5,P_201-011-081-122-236,293,0.237676,0.243757,0.0195,0.0199
1000,환자,ch5,P_201-011-081-258-143,790,0.261769,0.268932,0.0126,0.0128
1000,환자,ch5,P_201-012-061-058-374,488,0.25734,0.258414,0.0117,0.0111
1000,환자,ch5,P_201-012-061-134-596,143,0.284793,0.288742,0.0427,0.0378
1000,환자,ch5,P_201-012-131-208-463,176,0.221447,0.232477,0.0137,0.0137
1000,환자,ch5,P_201-012-131-347-456,270,0.222724,0.231255,0.0116,0.0118
1000,환자,ch5,P_201-102-211-212-128,229,0.229417,0.244443,0.0139,0.0136
1000,환자,ch5,P_201-102-211-519-036,118,0.224602,0.227539,0.0171,0.0168
1000,환자,ch5,P_201-102-211-546-408,222,0.226971,0.231062,0.0171,0.0166
1000,환자,ch5,P_201-103-141-258-013,444,0.217818,0.22234,0.0164,0.0167
1000,환자,ch5,P_201-103-281-312-265,235,0.171573,0.175976,0.0139,0.0138
1000,환자,ch5,P_201-104-041-454-335,163,0.195639,0.200954,0.0168,0.0167
1000,환자,ch5,P_201-104-111-307-518,448,0.260389,0.266325,0.0084,0.0079
1000,환자,ch5,P_201-104-111-410-036,155,0.233383,0.241867,0.0216,0.0202
1000,환자,ch5,P_201-104-251-352-312,312,0.200779,0.214977,0.0145,0.0152
1000,환자,ch5,P_201-105-091-319-244,191,0.20896,0.22891,0.0144,0.0148
1000,환자,ch5,P_201-105-091-557-007,175,0.275648,0.27523,0.0255,0.0218
1000,환자,ch5,P_201-105-161-312-143,284,0.21688,0.23526,0.0082,0.0079
1000,환자,ch5,P_201-105-231-304-467,297,0.240922,0.244835,0.0269,0.0261
1000,환자,ch5,P_201-106-061-401-372,801,0.267092,0.284892,0.0165,0.0175
1000,환자,ch5,P_201-106-061-433-502,402,0.263813,0.275881,0.0111,0.0111
1000,환자,ch5,P_201-106-201-512-198,217,0.179052,0.187726,0.0211,0.0206
1000,환자,ch5,P_201-106-201-535-415,522,0.174042,0.177115,0.0103,0.0102
1000,환자,ch5,P_201-106-271-301-508,434,0.21844,0.242947,0.015,0.014
1000,정상,ch0,H_201-011-300-659-100,125,1.107451,1.132678,0.0288,0.028
1000,정상,ch0,H_201-012-061-357-021,97,1.147861,1.179808,0.0349,0.0317
1000,정상,ch0,H_201-012-071-239-550,134,1.181687,1.185539,0.0282,0.0279
1000,정상,ch0,H_201-012-080-708-597,152,1.155032,1.195494,0.0225,0.021
1000,정상,ch0,H_201-012-080-751-455,164,1.174708,1.177798,0.0197,0.0193
1000,정상,ch0,H_201-102-121-412-565,166,1.182241,1.213626,0.023,0.0209
1000,정상,ch0,H_201-102-160-622-095,94,1.181694,1.184553,0.0438,0.0432
1000,정상,ch0,H_201-102-160-725-096,118,1.205723,1.245526,0.0243,0.0238
1000,정상,ch0,H_201-102-160-747-317,86,1.14041,1.176892,0.0382,0.0323
1000,정상,ch0,H_201-110-241-846-066,220,1.242694,1.287271,0.0214,0.02
1000,정상,ch0,H_201-110-241-938-496,174,1.386879,1.421875,0.0173,0.0158
1000,정상,ch0,H_201-110-241-951-130,228,1.275118,1.304838,0.019,0.0181
1000,정상,ch0,H_201-110-281-430-535,131,1.227374,1.278706,0.0267,0.0234
1000,정상,ch0,H_201-110-281-657-521,137,1.097764,1.111672,0.0288,0.0272
1000,정상,ch0,H_201-603-121-443-064,142,1.277611,1.349381,0.0224,0.0209
1000,정상,ch0,H_201-603-121-455-068,118,1.227383,1.272185,0.0247,0.024
1000,정상,ch0,H_201-603-121-502-218,135,1.331476,1.395759,0.0182,0.0172
1000,정상,ch0,H_201-603-121-514-584,124,1.231607,1.303938,0.0223,0.0201
1000,정상,ch0,H_201-603-121-555-171,115,1.156875,1.140432,0.0234,0.0227
1000,정상,ch0,H_201-603-121-602-367,114,1.201581,1.225443,0.0199,0.0198
1000,정상,ch0,H_201-603-121-649-187,126,1.591216,1.590645,0.0157,0.0157
1000,정상,ch0,H_201-604-051-210-077,250,0.99144,1.009427,0.0342,0.033
1000,정상,ch0,H_201-605-091-022-598,134,1.318255,1.36768,0.0231,0.0212
1000,정상,ch0,H_201-605-091-038-045,110,1.250333,1.263176,0.0618,0.0557
1000,정상,ch0,H_201-605-091-046-096,204,1.3906,1.423022,0.0173,0.0162
1000,정상,ch0,H_201-605-091-257-111,130,1.129246,1.132694,0.0212,0.0216
1000,정상,ch0,H_201-605-091-312-184,140,1.0777,1.085518,0.0417,0.0373
1000,정상,ch0,H_201-605-091-320-273,115,1.046214,1.098184,0.0354,0.0292
1000,정상,ch0,H_201-605-091-341-457,165,1.077168,1.093221,0.0276,0.0253
1000,정상,ch0,H_201-605-091-507-021,140,1.090828,1.122769,0.0443,0.0392
1000,정상,ch0,H_201-605-091-528-472,104,1.089056,1.121436,0.0306,0.0287
1000,정상,ch0,H_201-605-091-549-158,162,1.167088,1.154845,0.0265,0.0263
1000,정상,ch0,H_201-605-091-620-596,115,1.160817,1.210459,0.032,0.0298
1000,정상,ch0,H_201-605-091-658-527,82,1.291792,1.345803,0.0438,0.0336
1000,정상,ch0,H_201-605-091-706-072,116,1.340259,1.371101,0.058,0.0524
1000,정상,ch1,H_201-011-300-659-100,125,0.224445,0.225291,0.0223,0.0213
1000,정상,ch1,H_201-012-061-357-021,97,0.235376,0.254511,0.0286,0.0278
1000,정상,ch1,H_201-012-071-239-550,134,0.193846,0.185162,0.0255,0.0243
1000,정상,ch1,H_201-012-080-708-597,152,0.196385,0.203513,0.0275,0.0259
1000,정상,ch1,H_201-012-080-751-455,164,0.238819,0.242092,0.0249,0.0241
1000,정상,ch1,H_201-102-121-412-565,166,0.237772,0.221106,0.0242,0.024
1000,정상,ch1,H_201-102-160-622-095,94,0.195683,0.197111,0.0224,0.0223
1000,정상,ch1,H_201-102-160-725-096,118,0.158913,0.167626,0.0223,0.0221
1000,정상,ch1,H_201-102-160-747-317,86,0.21333,0.21711,0.0216,0.0215
1000,정상,ch1,H_201-110-241-846-066,220,0.126237,0.138988,0.0155,0.0148
1000,정상,ch1,H_201-110-241-938-496,174,0.081225,0.095534,0.0081,0.0078
1000,정상,ch1,H_201-110-241-951-130,228,0.059806,0.059012,0.0071,0.0066
1000,정상,ch1,H_201-110-281-430-535,131,0.058197,0.063179,0.0121,0.0112
1000,정상,ch1,H_201-110-281-657-521,137,0.235672,0.2396,0.0244,0.0242
1000,정상,ch1,H_201-603-121-443-064,142,0.044898,0.045239,0.0174,0.0119
1000,정상,ch1,H_201-603-121-455-068,118,0.044423,0.051019,0.015,0.0119
1000,정상,ch1,H_201-603-121-502-218,135,0.077749,0.083627,0.0018,0.0007
1000,정상,ch1,H_201-603-121-514-584,124,0.051864,0.061481,0.0034,0.0025
1000,정상,ch1,H_201-603-121-555-171,115,0.193294,0.176836,0.0214,0.0214
1000,정상,ch1,H_201-603-121-602-367,114,0.236065,0.244179,0.0176,0.017
1000,정상,ch1,H_201-603-121-649-187,126,0.044497,0.045966,0.0012,0.0008
1000,정상,ch1,H_201-604-051-210-077,250,0.187887,0.186303,0.0306,0.0291
1000,정상,ch1,H_201-605-091-022-598,134,0.028745,0.027656,0.0107,0.0089
1000,정상,ch1,H_201-605-091-038-045,110,0.049099,0.054909,0.0114,0.0103
1000,정상,ch1,H_201-605-091-046-096,204,0.054175,0.061948,0.0031,0.0028
1000,정상,ch1,H_201-605-091-257-111,130,0.143269,0.144549,0.0332,0.0306
1000,정상,ch1,H_201-605-091-312-184,140,0.228171,0.213239,0.0207,0.0197
1000,정상,ch1,H_201-605-091-320-273,115,0.165074,0.195879,0.0265,0.0248
1000,정상,ch1,H_201-605-091-341-457,165,0.236854,0.240266,0.0274,0.0258
1000,정상,ch1,H_201-605-091-507-021,140,0.1389,0.164496,0.0251,0.0238
1000,정상,ch1,H_201-605-091-528-472,104,0.170598,0.166506,0.027,0.0242
1000,정상,ch1,H_201-605-091-549-158,162,0.184764,0.178389,0.0264,0.0242
1000,정상,ch1,H_201-605-091-620-596,115,0.103099,0.105949,0.0182,0.017
1000,정상,ch1,H_201-605-091-658-527,82,0.036234,0.041816,0.008,0.0075
1000,정상,ch1,H_201-605-091-706-072,116,0.028753,0.029777,0.0035,0.0029
1000,정상,ch2,H_201-011-300-659-100,125,0.062758,0.069615,0.0075,0.0064
1000,정상,ch2,H_201-012-061-357-021,97,0.065736,0.073989,0.0083,0.007
1000,정상,ch2,H_201-012-071-239-550,134,0.058095,0.06271,0.0089,0.0081
1000,정상,ch2,H_201-012-080-708-597,152,0.068951,0.073214,0.0124,0.0109
1000,정상,ch2,H_201-012-080-751-455,164,0.06299,0.06701,0.0069,0.0058
1000,정상,ch2,H_201-102-121-412-565,166,0.053995,0.064634,0.0128,0.0102
1000,정상,ch2,H_201-102-160-622-095,94,0.052994,0.055543,0.0092,0.0075
1000,정상,ch2,H_201-102-160-725-096,118,0.055359,0.058522,0.0076,0.0072
1000,정상,ch2,H_201-102-160-747-317,86,0.056542,0.057438,0.0045,0.0037
1000,정상,ch2,H_201-110-241-846-066,220,0.07426,0.082925,0.0107,0.0094
1000,정상,ch2,H_201-110-241-938-496,174,0.07236,0.080492,0.0056,0.0044
1000,정상,ch2,H_201-110-241-951-130,228,0.067208,0.070566,0.0076,0.0073
1000,정상,ch2,H_201-110-281-430-535,131,0.066557,0.069089,0.0121,0.0104
1000,정상,ch2,H_201-110-281-657-521,137,0.065118,0.072575,0.0087,0.0077
1000,정상,ch2,H_201-603-121-443-064,142,0.055757,0.061673,0.0139,0.0129
1000,정상,ch2,H_201-603-121-455-068,118,0.052435,0.064585,0.0139,0.0097
1000,정상,ch2,H_201-603-121-502-218,135,0.060743,0.072011,0.0071,0.0053
1000,정상,ch2,H_201-603-121-514-584,124,0.055603,0.062414,0.0096,0.0073
1000,정상,ch2,H_201-603-121-555-171,115,0.059234,0.059602,0.0171,0.015
1000,정상,ch2,H_201-603-121-602-367,114,0.059177,0.06822,0.0075,0.0057
1000,정상,ch2,H_201-603-121-649-187,126,0.234174,0.234815,0.0003,0.0003
1000,정상,ch2,H_201-604-051-210-077,250,0.069445,0.070729,0.0164,0.0141
1000,정상,ch2,H_201-605-091-022-598,134,0.050435,0.056686,0.0086,0.008
1000,정상,ch2,H_201-605-091-038-045,110,0.053601,0.060444,0.0135,0.0118
1000,정상,ch2,H_201-605-091-046-096,204,0.076351,0.083897,0.0042,0.0035
1000,정상,ch2,H_201-605-091-257-111,130,0.0563,0.063823,0.009,0.0074
1000,정상,ch2,H_201-605-091-312-184,140,0.074948,0.081644,0.011,0.01
1000,정상,ch2,H_201-605-091-320-273,115,0.062568,0.074621,0.0108,0.0098
1000,정상,ch2,H_201-605-091-341-457,165,0.067467,0.072347,0.0109,0.0104
1000,정상,ch2,H_201-605-091-507-021,140,0.070581,0.077139,0.0119,0.0099
1000,정상,ch2,H_201-605-091-528-472,104,0.054931,0.062332,0.0071,0.005
1000,정상,ch2,H_201-605-091-549-158,162,0.057035,0.059927,0.0145,0.012
1000,정상,ch2,H_201-605-091-620-596,115,0.066084,0.068465,0.0152,0.0126
1000,정상,ch2,H_201-605-091-658-527,82,0.048406,0.054436,0.0073,0.0048
1000,정상,ch2,H_201-605-091-706-072,116,0.055226,0.057741,0.006,0.0057
1000,정상,ch3,H_201-011-300-659-100,125,0.176398,0.199533,0.0189,0.0157
1000,정상,ch3,H_201-012-061-357-021,97,0.238411,0.263543,0.0148,0.0155
1000,정상,ch3,H_201-012-071-239-550,134,0.233504,0.256935,0.0144,0.0132
1000,정상,ch3,H_201-012-080-708-597,152,0.207238,0.223912,0.0163,0.0147
1000,정상,ch3,H_201-012-080-751-455,164,0.232185,0.251485,0.0119,0.0107
1000,정상,ch3,H_201-102-121-412-565,166,0.214445,0.225194,0.0133,0.0115
1000,정상,ch3,H_201-102-160-622-095,94,0.204984,0.215632,0.0247,0.0263
1000,정상,ch3,H_201-102-160-725-096,118,0.210012,0.222832,0.0177,0.0164
1000,정상,ch3,H_201-102-160-747-317,86,0.163804,0.186729,0.021,0.0218
1000,정상,ch3,H_201-110-241-846-066,220,0.242545,0.268952,0.012,0.011
1000,정상,ch3,H_201-110-241-938-496,174,0.199626,0.219689,0.0072,0.0073
1000,정상,ch3,H_201-110-241-951-130,228,0.311015,0.316379,0.0139,0.0133
1000,정상,ch3,H_201-110-281-430-535,131,0.212481,0.241019,0.0202,0.0205
1000,정상,ch3,H_201-110-281-657-521,137,0.263997,0.275437,0.0178,0.0169
1000,정상,ch3,H_201-603-121-443-064,142,0.234814,0.247247,0.021,0.0142
1000,정상,ch3,H_201-603-121-455-068,118,0.336781,0.344392,0.0127,0.0116
1000,정상,ch3,H_201-603-121-502-218,135,0.283052,0.304512,0.0095,0.0079
1000,정상,ch3,H_201-603-121-514-584,124,0.281387,0.293175,0.012,0.0107
1000,정상,ch3,H_201-603-121-555-171,115,0.296439,0.318746,0.0094,0.0087
1000,정상,ch3,H_201-603-121-602-367,114,0.302928,0.330548,0.0099,0.0097
1000,정상,ch3,H_201-603-121-649-187,126,0.275903,0.30683,0.0083,0.0073
1000,정상,ch3,H_201-604-051-210-077,250,0.340853,0.362878,0.0132,0.0116
1000,정상,ch3,H_201-605-091-022-598,134,0.205345,0.225733,0.0142,0.0135
1000,정상,ch3,H_201-605-091-038-045,110,0.288192,0.295728,0.0231,0.0216
1000,정상,ch3,H_201-605-091-046-096,204,0.270763,0.295187,0.0085,0.0079
1000,정상,ch3,H_201-605-091-257-111,130,0.222578,0.248008,0.0127,0.0118
1000,정상,ch3,H_201-605-091-312-184,140,0.291409,0.291001,0.0179,0.0166
1000,정상,ch3,H_201-605-091-320-273,115,0.282655,0.28738,0.0196,0.0176
1000,정상,ch3,H_201-605-091-341-457,165,0.253123,0.27204,0.0149,0.014
1000,정상,ch3,H_201-605-091-507-021,140,0.289357,0.312653,0.0213,0.0191
1000,정상,ch3,H_201-605-091-528-472,104,0.229433,0.270288,0.0212,0.0177
1000,정상,ch3,H_201-605-091-549-158,162,0.228916,0.241879,0.0184,0.0171
1000,정상,ch3,H_201-605-091-620-596,115,0.26372,0.289346,0.0188,0.0157
1000,정상,ch3,H_201-605-091-658-527,82,0.243299,0.299447,0.02,0.0194
1000,정상,ch3,H_201-605-091-706-072,116,0.269356,0.288415,0.0145,0.0133
1000,정상,ch4,H_201-011-300-659-100,125,0.201496,0.204585,0.0276,0.0256
1000,정상,ch4,H_201-012-061-357-021,97,0.211784,0.211066,0.0184,0.0173
1000,정상,ch4,H_201-012-071-239-550,134,0.242231,0.242159,0.0206,0.0178
1000,정상,ch4,H_201-012-080-708-597,152,0.238777,0.251852,0.0251,0.0252
1000,정상,ch4,H_201-012-080-751-455,164,0.244318,0.257403,0.0199,0.0168
1000,정상,ch4,H_201-102-121-412-565,166,0.199986,0.210662,0.0257,0.025
1000,정상,ch4,H_201-102-160-622-095,94,0.170099,0.174869,0.0328,0.0315
1000,정상,ch4,H_201-102-160-725-096,118,0.223285,0.231534,0.0256,0.0251
1000,정상,ch4,H_201-102-160-747-317,86,0.144662,0.152706,0.0213,0.0219
1000,정상,ch4,H_201-110-241-846-066,220,0.264913,0.269294,0.0193,0.0163
1000,정상,ch4,H_201-110-241-938-496,174,0.202219,0.218277,0.0116,0.0108
1000,정상,ch4,H_201-110-241-951-130,228,0.273939,0.283493,0.0175,0.0183
1000,정상,ch4,H_201-110-281-430-535,131,0.239229,0.241423,0.0311,0.0285
1000,정상,ch4,H_201-110-281-657-521,137,0.225649,0.239217,0.0213,0.0218
1000,정상,ch4,H_201-603-121-443-064,142,0.226719,0.235345,0.0323,0.0229
1000,정상,ch4,H_201-603-121-455-068,118,0.298814,0.302241,0.015,0.014
1000,정상,ch4,H_201-603-121-502-218,135,0.21832,0.232139,0.0129,0.0129
1000,정상,ch4,H_201-603-121-514-584,124,0.254782,0.266022,0.0236,0.0199
1000,정상,ch4,H_201-603-121-555-171,115,0.232626,0.24776,0.0202,0.0203
1000,정상,ch4,H_201-603-121-602-367,114,0.267199,0.279315,0.0222,0.02
1000,정상,ch4,H_201-603-121-649-187,126,0.286306,0.305656,0.0194,0.0182
1000,정상,ch4,H_201-604-051-210-077,250,0.313731,0.337585,0.0317,0.0299
1000,정상,ch4,H_201-605-091-022-598,134,0.205388,0.210413,0.0261,0.0246
1000,정상,ch4,H_201-605-091-038-045,110,0.284766,0.2814,0.0438,0.0384
1000,정상,ch4,H_201-605-091-046-096,204,0.219138,0.223996,0.012,0.0112
1000,정상,ch4,H_201-605-091-257-111,130,0.223383,0.245279,0.0166,0.0164
1000,정상,ch4,H_201-605-091-312-184,140,0.287563,0.264406,0.0262,0.023
1000,정상,ch4,H_201-605-091-320-273,115,0.306348,0.318513,0.0424,0.0376
1000,정상,ch4,H_201-605-091-341-457,165,0.2895,0.29349,0.0314,0.0308
1000,정상,ch4,H_201-605-091-507-021,140,0.260634,0.277854,0.0312,0.0299
1000,정상,ch4,H_201-605-091-528-472,104,0.247498,0.250308,0.0262,0.0237
1000,정상,ch4,H_201-605-091-549-158,162,0.214108,0.231167,0.0251,0.025
1000,정상,ch4,H_201-605-091-620-596,115,0.232698,0.254203,0.0184,0.0185
1000,정상,ch4,H_201-605-091-658-527,82,0.226362,0.251019,0.0279,0.0256
1000,정상,ch4,H_201-605-091-706-072,116,0.256074,0.251632,0.0225,0.0193
1000,정상,ch5,H_201-011-300-659-100,125,0.18176,0.182458,0.0278,0.0258
1000,정상,ch5,H_201-012-061-357-021,97,0.189443,0.202346,0.0229,0.0222
1000,정상,ch5,H_201-012-071-239-550,134,0.223866,0.24229,0.0196,0.0198
1000,정상,ch5,H_201-012-080-708-597,152,0.209571,0.219144,0.0243,0.0239
1000,정상,ch5,H_201-012-080-751-455,164,0.230214,0.247893,0.0183,0.0179
1000,정상,ch5,H_201-102-121-412-565,166,0.194395,0.206757,0.0228,0.0221
1000,정상,ch5,H_201-102-160-622-095,94,0.179347,0.182983,0.0307,0.0285
1000,정상,ch5,H_201-102-160-725-096,118,0.20148,0.21578,0.0213,0.0208
1000,정상,ch5,H_201-102-160-747-317,86,0.168829,0.179538,0.028,0.0259
1000,정상,ch5,H_201-110-241-846-066,220,0.287674,0.289234,0.0158,0.0145
1000,정상,ch5,H_201-110-241-938-496,174,0.22438,0.245495,0.0095,0.0089
1000,정상,ch5,H_201-110-241-951-130,228,0.263538,0.280063,0.0192,0.0206
1000,정상,ch5,H_201-110-281-430-535,131,0.202363,0.220474,0.0265,0.0273
1000,정상,ch5,H_201-110-281-657-521,137,0.264533,0.281779,0.0205,0.0213
1000,정상,ch5,H_201-603-121-443-064,142,0.224928,0.225078,0.0303,0.0252
1000,정상,ch5,H_201-603-121-455-068,118,0.307052,0.307066,0.0224,0.0212
1000,정상,ch5,H_201-603-121-502-218,135,0.23205,0.23977,0.012,0.012
1000,정상,ch5,H_201-603-121-514-584,124,0.245806,0.255577,0.0194,0.0181
1000,정상,ch5,H_201-603-121-555-171,115,0.303909,0.295626,0.0229,0.0229
1000,정상,ch5,H_201-603-121-602-367,114,0.27314,0.288341,0.0178,0.0164
1000,정상,ch5,H_201-603-121-649-187,126,0.295976,0.31418,0.0162,0.0158
1000,정상,ch5,H_201-604-051-210-077,250,0.302291,0.320349,0.0274,0.0256
1000,정상,ch5,H_201-605-091-022-598,134,0.213868,0.219271,0.0212,0.0191
1000,정상,ch5,H_201-605-091-038-045,110,0.280494,0.289307,0.0412,0.0385
1000,정상,ch5,H_201-605-091-046-096,204,0.23756,0.256409,0.0136,0.0127
1000,정상,ch5,H_201-605-091-257-111,130,0.200324,0.22421,0.017,0.0172
1000,정상,ch5,H_201-605-091-312-184,140,0.272494,0.272369,0.0161,0.0159
1000,정상,ch5,H_201-605-091-320-273,115,0.299002,0.320802,0.0346,0.0327
1000,정상,ch5,H_201-605-091-341-457,165,0.245892,0.250813,0.0258,0.025
1000,정상,ch5,H_201-605-091-507-021,140,0.249,0.273864,0.029,0.0273
1000,정상,ch5,H_201-605-091-528-472,104,0.25626,0.287451,0.0314,0.0271
1000,정상,ch5,H_201-605-091-549-158,162,0.218835,0.225019,0.0245,0.0245
1000,정상,ch5,H_201-605-091-620-596,115,0.271327,0.298755,0.0281,0.0281
1000,정상,ch5,H_201-605-091-658-527,82,0.227786,0.247072,0.0265,0.0249
1000,정상,ch5,H_201-605-091-706-072,116,0.25521,0.254297,0.0254,0.0238
