win_ms,band,group,channel,n_subjects,band_negligible,sel_rel,non_rel,delta_rel,sel_abs,non_abs,cohen_dz,perm_mean,perm_z,perm_p,wilcoxon_p,ttest_p,p_holm,sig_holm
500,4-6Hz,환자,ch0,26,True,3e-06,3e-06,-0.0,0.0,0.0001,-0.0102,0.0,-0.077,0.9431,0.96018,0.958856,0.96018,
500,4-6Hz,환자,ch1,26,False,0.151987,0.174161,-0.022173,431.9947,543.3467,-1.2343,5.6e-05,-16.695,0.001,0.0,1e-06,2e-06,*
500,4-6Hz,환자,ch2,26,False,0.305035,0.237673,0.067362,705.645,346.755,2.4192,1.5e-05,35.527,0.001,0.0,0.0,0.0,*
500,4-6Hz,환자,ch3,26,False,0.128901,0.144974,-0.016073,188.5949,201.9017,-1.3319,5.1e-05,-13.324,0.001,0.0,0.0,3e-06,*
500,4-6Hz,환자,ch4,26,False,0.151886,0.143178,0.008708,181.9552,183.9226,0.5091,-5e-06,6.674,0.001,0.006131,0.015562,0.024523,*
500,4-6Hz,환자,ch5,26,False,0.169542,0.149419,0.020123,127.5655,144.5405,1.1922,-3.9e-05,15.088,0.001,3e-06,2e-06,1.6e-05,*
500,4-6Hz,정상,ch0,35,True,4e-06,6e-06,-1e-06,0.0001,0.0001,-0.3753,0.0,-2.211,0.025,0.035618,0.033163,0.106853,
500,4-6Hz,정상,ch1,35,False,0.200513,0.17701,0.023502,999.1346,739.9786,1.3299,3.9e-05,13.409,0.001,0.0,0.0,1e-06,*
500,4-6Hz,정상,ch2,35,False,0.21296,0.257566,-0.044606,575.9715,1761.8658,-1.5247,3.7e-05,-22.104,0.001,0.0,0.0,0.0,*
500,4-6Hz,정상,ch3,35,False,0.12775,0.111341,0.016409,640.467,598.3087,1.0606,4.6e-05,12.168,0.001,1e-06,0.0,8e-06,*
500,4-6Hz,정상,ch4,35,False,0.110933,0.114408,-0.003475,227.8128,202.8821,-0.1951,7e-06,-2.464,0.018,0.118674,0.25636,0.237348,
500,4-6Hz,정상,ch5,35,False,0.108865,0.119999,-0.011134,334.3991,312.1763,-0.7698,7.9e-05,-8.046,0.001,6e-05,6.5e-05,0.000298,*
