config,n_feat,seed,fold,win_auc,subj_auc
단일: 마이크,1,42,0,0.6018353556977799,0.8125
단일: 마이크,1,42,1,0.39266556605993835,0.4
단일: 마이크,1,42,2,0.3226338339665966,0.37500000000000006
단일: 마이크,1,42,3,0.519898081625934,0.5555555555555556
단일: 마이크,1,42,4,0.48236095253682704,0.3888888888888889
단일: 마이크,1,1,0,0.3981646443022201,0.1875
단일: 마이크,1,1,1,0.39266556605993835,0.4
단일: 마이크,1,1,2,0.3226338339665966,0.37500000000000006
단일: 마이크,1,1,3,0.519898081625934,0.5555555555555556
단일: 마이크,1,1,4,0.48236095253682704,0.3888888888888889
단일: 마이크,1,7,0,0.3981646443022201,0.1875
단일: 마이크,1,7,1,0.39266556605993835,0.4
단일: 마이크,1,7,2,0.3226338339665966,0.37500000000000006
단일: 마이크,1,7,3,0.519898081625934,0.5555555555555556
단일: 마이크,1,7,4,0.48236095253682704,0.3888888888888889
단일: 그립력,1,42,0,0.4331972695012121,0.5
단일: 그립력,1,42,1,0.5893371314144191,0.7714285714285714
단일: 그립력,1,42,2,0.5634560273921619,0.625
단일: 그립력,1,42,3,0.45741093216041695,0.4722222222222222
단일: 그립력,1,42,4,0.503894847338154,0.6666666666666667
단일: 그립력,1,1,0,0.4331972695012121,0.5
단일: 그립력,1,1,1,0.5893371314144191,0.7714285714285714
단일: 그립력,1,1,2,0.5634560273921619,0.625
단일: 그립력,1,1,3,0.45741093216041695,0.4722222222222222
단일: 그립력,1,1,4,0.503894847338154,0.6666666666666667
단일: 그립력,1,7,0,0.4331972695012121,0.5
단일: 그립력,1,7,1,0.5893371314144191,0.7714285714285714
단일: 그립력,1,7,2,0.5634560273921619,0.625
단일: 그립력,1,7,3,0.45741093216041695,0.4722222222222222
단일: 그립력,1,7,4,0.503894847338154,0.6666666666666667
단일: 축압력,1,42,0,0.5978884261702178,0.71875
단일: 축압력,1,42,1,0.38388453740522954,0.37142857142857144
단일: 축압력,1,42,2,0.3252029769577873,0.4
단일: 축압력,1,42,3,0.5111765767564491,0.5277777777777777
단일: 축압력,1,42,4,0.47748968199036523,0.3888888888888889
단일: 축압력,1,1,0,0.40211157382978224,0.28125
단일: 축압력,1,1,1,0.38388453740522954,0.37142857142857144
단일: 축압력,1,1,2,0.3252029769577873,0.4
단일: 축압력,1,1,3,0.5111765767564491,0.5277777777777777
단일: 축압력,1,1,4,0.47748968199036523,0.3888888888888889
단일: 축압력,1,7,0,0.40211157382978224,0.28125
단일: 축압력,1,7,1,0.38388453740522954,0.37142857142857144
단일: 축압력,1,7,2,0.3252029769577873,0.4
단일: 축압력,1,7,3,0.5111765767564491,0.5277777777777777
단일: 축압력,1,7,4,0.47748968199036523,0.3888888888888889
단일: 기울기X,1,42,0,0.5479772822857831,0.71875
단일: 기울기X,1,42,1,0.4133568563324692,0.2857142857142857
단일: 기울기X,1,42,2,0.5654138993116997,0.7
단일: 기울기X,1,42,3,0.558071854569303,0.7777777777777779
단일: 기울기X,1,42,4,0.6480544825088457,0.7777777777777778
단일: 기울기X,1,1,0,0.5479772822857831,0.71875
단일: 기울기X,1,1,1,0.4133568563324692,0.2857142857142857
단일: 기울기X,1,1,2,0.5654138993116997,0.7
단일: 기울기X,1,1,3,0.558071854569303,0.7777777777777779
단일: 기울기X,1,1,4,0.6480544825088457,0.7777777777777778
단일: 기울기X,1,7,0,0.5479772822857831,0.71875
단일: 기울기X,1,7,1,0.4133568563324692,0.2857142857142857
단일: 기울기X,1,7,2,0.5654138993116997,0.7
단일: 기울기X,1,7,3,0.558071854569303,0.7777777777777779
단일: 기울기X,1,7,4,0.6480544825088457,0.7777777777777778
단일: 기울기Y,1,42,0,0.5501666121890733,0.625
단일: 기울기Y,1,42,1,0.4391054751988675,0.34285714285714286
단일: 기울기Y,1,42,2,0.5165060106442368,0.6000000000000001
단일: 기울기Y,1,42,3,0.44010741889866545,0.41666666666666663
단일: 기울기Y,1,42,4,0.4333005339270092,0.3055555555555556
단일: 기울기Y,1,1,0,0.4498333878109267,0.375
단일: 기울기Y,1,1,1,0.4391054751988675,0.34285714285714286
단일: 기울기Y,1,1,2,0.5165060106442368,0.6000000000000001
단일: 기울기Y,1,1,3,0.5598925811013347,0.5833333333333334
단일: 기울기Y,1,1,4,0.4333005339270092,0.3055555555555556
단일: 기울기Y,1,7,0,0.5501666121890733,0.625
단일: 기울기Y,1,7,1,0.4391054751988675,0.34285714285714286
단일: 기울기Y,1,7,2,0.5165060106442368,0.6000000000000001
단일: 기울기Y,1,7,3,0.44010741889866545,0.41666666666666663
단일: 기울기Y,1,7,4,0.4333005339270092,0.3055555555555556
단일: 기울기Z,1,42,0,0.44909431465886057,0.53125
단일: 기울기Z,1,42,1,0.5287090417690132,0.6285714285714286
단일: 기울기Z,1,42,2,0.5500791156193292,0.475
단일: 기울기Z,1,42,3,0.3508323179620556,0.08333333333333333
단일: 기울기Z,1,42,4,0.4702297733160068,0.4444444444444444
단일: 기울기Z,1,1,0,0.44909431465886057,0.53125
단일: 기울기Z,1,1,1,0.5287090417690132,0.6285714285714286
단일: 기울기Z,1,1,2,0.5500791156193292,0.475
단일: 기울기Z,1,1,3,0.6491676820379444,0.9166666666666667
단일: 기울기Z,1,1,4,0.4702297733160068,0.4444444444444444
단일: 기울기Z,1,7,0,0.44909431465886057,0.53125
단일: 기울기Z,1,7,1,0.5287090417690132,0.6285714285714286
단일: 기울기Z,1,7,2,0.5500791156193292,0.475
단일: 기울기Z,1,7,3,0.3508323179620556,0.08333333333333333
단일: 기울기Z,1,7,4,0.4702297733160068,0.4444444444444444
기울기 3축,3,42,0,0.49222550823132266,0.625
기울기 3축,3,42,1,0.44247063547544874,0.4285714285714286
기울기 3축,3,42,2,0.6701149347507604,0.75
기울기 3축,3,42,3,0.7195565466490104,0.9444444444444444
기울기 3축,3,42,4,0.6307003757799718,0.8333333333333334
기울기 3축,3,1,0,0.4850567775518104,0.6875
기울기 3축,3,1,1,0.44930264883614035,0.4285714285714286
기울기 3축,3,1,2,0.6642435746049575,0.7749999999999999
기울기 3축,3,1,3,0.7643732608392398,0.9722222222222223
기울기 3축,3,1,4,0.6252697406086228,0.8055555555555556
기울기 3축,3,7,0,0.4933104118394499,0.625
기울기 3축,3,7,1,0.4535417861557155,0.48571428571428577
기울기 3축,3,7,2,0.6653978844607451,0.8
기울기 3축,3,7,3,0.7338651829354157,0.9444444444444444
기울기 3축,3,7,4,0.6274210924502865,0.7777777777777779
압력 2종(그립+축),2,42,0,0.48124929578878906,0.5625
압력 2종(그립+축),2,42,1,0.4476866048490617,0.5428571428571429
압력 2종(그립+축),2,42,2,0.45909107826186984,0.45000000000000007
압력 2종(그립+축),2,42,3,0.4684020645478629,0.36111111111111116
압력 2종(그립+축),2,42,4,0.49825979101716944,0.5555555555555556
압력 2종(그립+축),2,1,0,0.4072722566999073,0.3125
압력 2종(그립+축),2,1,1,0.4664126089783708,0.6000000000000001
압력 2종(그립+축),2,1,2,0.5087918148322331,0.525
압력 2종(그립+축),2,1,3,0.46706065055603563,0.3888888888888889
압력 2종(그립+축),2,1,4,0.5080299388248347,0.6666666666666667
압력 2종(그립+축),2,7,0,0.410814229919243,0.34375
압력 2종(그립+축),2,7,1,0.4601233446590066,0.5714285714285714
압력 2종(그립+축),2,7,2,0.3254781617206717,0.4
압력 2종(그립+축),2,7,3,0.46645704731575055,0.3888888888888889
압력 2종(그립+축),2,7,4,0.507790023327674,0.6388888888888888
마이크 제외 5채널,5,42,0,0.508823138958024,0.625
마이크 제외 5채널,5,42,1,0.3614144946535733,0.2857142857142857
마이크 제외 5채널,5,42,2,0.7104639006086771,0.8
마이크 제외 5채널,5,42,3,0.6606559772257126,0.8333333333333333
마이크 제외 5채널,5,42,4,0.6437760990266004,0.9166666666666667
마이크 제외 5채널,5,1,0,0.4701096505662137,0.59375
마이크 제외 5채널,5,1,1,0.38562435606661516,0.4285714285714286
마이크 제외 5채널,5,1,2,0.7136770210572734,0.8500000000000001
마이크 제외 5채널,5,1,3,0.7188293138293899,0.8611111111111112
마이크 제외 5채널,5,1,4,0.6352370792358725,0.8333333333333334
마이크 제외 5채널,5,7,0,0.4788970908965152,0.625
마이크 제외 5채널,5,7,1,0.383437089052101,0.4
마이크 제외 5채널,5,7,2,0.6853651329627362,0.8
마이크 제외 5채널,5,7,3,0.6877083769948493,0.8333333333333333
마이크 제외 5채널,5,7,4,0.642269561164977,0.8611111111111112
전 채널 6개,6,42,0,0.5450550149320667,0.71875
전 채널 6개,6,42,1,0.4032497534675794,0.4
전 채널 6개,6,42,2,0.7123597431759254,0.85
전 채널 6개,6,42,3,0.703817245070188,0.8333333333333334
전 채널 6개,6,42,4,0.6759826182865565,1.0
전 채널 6개,6,1,0,0.5192309623122895,0.65625
전 채널 6개,6,1,1,0.43703094192527153,0.5428571428571429
전 채널 6개,6,1,2,0.7118595610351909,0.875
전 채널 6개,6,1,3,0.7562738705909031,0.9166666666666667
전 채널 6개,6,1,4,0.6682461651315362,1.0
전 채널 6개,6,7,0,0.52774843177044,0.65625
전 채널 6개,6,7,1,0.432939404452053,0.5142857142857143
전 채널 6개,6,7,2,0.6925182450881212,0.875
전 채널 6개,6,7,3,0.7268004466531754,0.9166666666666667
전 채널 6개,6,7,4,0.6749421080618838,1.0
task:circle,5,42,0,0.19839631850508996,0.2857142857142857
task:circle,5,42,1,0.38878754096145407,0.33333333333333337
task:circle,5,42,2,0.4915789993579296,0.24999999999999994
task:circle,5,42,3,0.5338055538143296,0.6666666666666667
task:circle,5,42,4,0.5722364814895375,0.6190476190476191
task:circle,5,1,0,0.1968344721796123,0.25
task:circle,5,1,1,0.43066112631330017,0.41666666666666663
task:circle,5,1,2,0.3027279761610774,0.05555555555555554
task:circle,5,1,3,0.46441421676173755,0.6944444444444444
task:circle,5,1,4,0.5436261075100419,0.5476190476190477
task:circle,5,7,0,0.21059824292288382,0.3214285714285714
task:circle,5,7,1,0.43522178304787,0.36111111111111105
task:circle,5,7,2,0.30470357748473026,0.11111111111111112
task:circle,5,7,3,0.47301448003510316,0.5555555555555556
task:circle,5,7,4,0.5799799886892592,0.761904761904762
task:diadochokinesis,5,42,0,0.5716335344929594,0.5555555555555556
task:diadochokinesis,5,42,1,0.6934595660749507,0.8095238095238095
task:diadochokinesis,5,42,2,0.6645405592190514,0.5
task:diadochokinesis,5,42,3,0.7019311073613881,0.8
task:diadochokinesis,5,42,4,0.44105351170568563,0.5714285714285714
task:diadochokinesis,5,1,0,0.6203703703703705,0.5925925925925926
task:diadochokinesis,5,1,1,0.6953057199211046,0.7857142857142857
task:diadochokinesis,5,1,2,0.6567368330117775,0.53125
task:diadochokinesis,5,1,3,0.6095004346269878,0.6571428571428571
task:diadochokinesis,5,1,4,0.5208054626532888,0.6857142857142857
task:diadochokinesis,5,7,0,0.589856230031949,0.5555555555555556
task:diadochokinesis,5,7,1,0.6988560157790927,0.8095238095238095
task:diadochokinesis,5,7,2,0.6764189247559537,0.59375
task:diadochokinesis,5,7,3,0.6840687903734384,0.7714285714285714
task:diadochokinesis,5,7,4,0.41778149386845037,0.5428571428571429
task:meander,5,42,0,0.5329096411586683,0.6333333333333333
task:meander,5,42,1,0.4309927360774819,0.46875
task:meander,5,42,2,0.8501556144459509,1.0
task:meander,5,42,3,0.7123052959501559,0.6285714285714286
task:meander,5,42,4,0.5702001250781739,0.775
task:meander,5,1,0,0.5414526588845655,0.5666666666666667
task:meander,5,1,1,0.4130444295341171,0.46875
task:meander,5,1,2,0.8275992234685073,0.975
task:meander,5,1,3,0.7112882536192047,0.6571428571428571
task:meander,5,1,4,0.6096701063164478,0.8
task:meander,5,7,0,0.5456117596195417,0.6333333333333333
task:meander,5,7,1,0.4258729834592607,0.4375
task:meander,5,7,2,0.8528287932947122,0.95
task:meander,5,7,3,0.7156771119662819,0.6857142857142857
task:meander,5,7,4,0.6375078173858663,0.85
task:spiral,5,42,0,0.45819316464336207,0.6
task:spiral,5,42,1,0.4497923046602589,0.5714285714285714
task:spiral,5,42,2,0.6676634442077667,0.71875
task:spiral,5,42,3,0.7930806147864649,0.9142857142857144
task:spiral,5,42,4,0.5549710063598953,0.6571428571428571
task:spiral,5,1,0,0.4670122806732431,0.6
task:spiral,5,1,1,0.4568872987477639,0.6
task:spiral,5,1,2,0.6455534163526135,0.65625
task:spiral,5,1,3,0.7593767085839256,0.8285714285714286
task:spiral,5,1,4,0.5189101664796109,0.5714285714285714
task:spiral,5,7,0,0.5144935779717117,0.6
task:spiral,5,7,1,0.45208453351929895,0.5714285714285714
task:spiral,5,7,2,0.6870698836637719,0.78125
task:spiral,5,7,3,0.8004191725897577,0.8571428571428572
task:spiral,5,7,4,0.5321794332211,0.6285714285714286
