name,fold,seed,n_layers,patch_len,stride,d_model,d_ff,window_acc,subject_acc,subject_acc_soft,roc_auc,n_test_windows,n_test_subjects,n_test_patient_windows,epochs,best_epoch,overfit_gap,class_weight,data,subset,n_folds,val_size,stratified,auto_class_weight,label_smoothing,epochs_max,patience,batch_size,lr
p16d128L1,0,42,1,16,8,128,256,0.71655,0.75,0.666667,0.797211,2713,12,1574,11,1,0.201283,2.0|1.0,windows_2s.npz,full,5,0.1,0,0,0.0,50,10,64,0.001
p16d128L1,1,42,1,16,8,128,256,0.804842,0.75,0.833333,0.874032,2726,12,1733,13,3,0.099035,2.0|1.0,windows_2s.npz,full,5,0.1,0,0,0.0,50,10,64,0.001
p16d128L1,2,42,1,16,8,128,256,0.76878,1.0,1.0,0.827765,2729,13,1662,15,5,0.110586,2.0|1.0,windows_2s.npz,full,5,0.1,0,0,0.0,50,10,64,0.001
p16d128L1,3,42,1,16,8,128,256,0.831702,0.916667,0.916667,0.898067,2656,12,1829,17,7,0.270383,2.0|1.0,windows_2s.npz,full,5,0.1,0,0,0.0,50,10,64,0.001
p16d128L1,4,42,1,16,8,128,256,0.761887,0.916667,0.916667,0.892647,2650,12,1809,11,1,0.635461,2.0|1.0,windows_2s.npz,full,5,0.1,0,0,0.0,50,10,64,0.001
p16d128L2,0,42,2,16,8,128,256,0.74014,0.833333,0.833333,0.815809,2713,12,1574,13,3,0.536386,2.0|1.0,windows_2s.npz,full,5,0.1,0,0,0.0,50,10,64,0.001
p16d128L2,1,42,2,16,8,128,256,0.778063,0.75,0.75,0.847773,2726,12,1733,11,1,0.188236,2.0|1.0,windows_2s.npz,full,5,0.1,0,0,0.0,50,10,64,0.001
p16d128L2,2,42,2,16,8,128,256,0.661048,0.923077,0.923077,0.786121,2729,13,1662,17,7,0.157307,2.0|1.0,windows_2s.npz,full,5,0.1,0,0,0.0,50,10,64,0.001
p16d128L2,3,42,2,16,8,128,256,0.835467,0.833333,0.833333,0.903181,2656,12,1829,20,10,0.254393,2.0|1.0,windows_2s.npz,full,5,0.1,0,0,0.0,50,10,64,0.001
p16d128L2,4,42,2,16,8,128,256,0.841132,0.916667,0.916667,0.954185,2650,12,1809,14,4,0.813243,2.0|1.0,windows_2s.npz,full,5,0.1,0,0,0.0,50,10,64,0.001
p16d128L3,0,42,3,16,8,128,256,0.71139,0.916667,0.916667,0.791936,2713,12,1574,11,1,0.274527,2.0|1.0,windows_2s.npz,full,5,0.1,0,0,0.0,50,10,64,0.001
p16d128L3,1,42,3,16,8,128,256,0.795304,0.833333,0.833333,0.862611,2726,12,1733,11,1,0.408786,2.0|1.0,windows_2s.npz,full,5,0.1,0,0,0.0,50,10,64,0.001
p16d128L3,2,42,3,16,8,128,256,0.684866,0.923077,0.923077,0.783211,2729,13,1662,16,6,0.227419,2.0|1.0,windows_2s.npz,full,5,0.1,0,0,0.0,50,10,64,0.001
p16d128L3,3,42,3,16,8,128,256,0.834337,0.916667,0.916667,0.896199,2656,12,1829,14,4,0.212542,2.0|1.0,windows_2s.npz,full,5,0.1,0,0,0.0,50,10,64,0.001
p16d128L3,4,42,3,16,8,128,256,0.873585,1.0,1.0,0.948738,2650,12,1809,17,7,0.896244,2.0|1.0,windows_2s.npz,full,5,0.1,0,0,0.0,50,10,64,0.001
p16d128L6,0,42,6,16,8,128,256,0.760413,1.0,0.916667,0.826997,2713,12,1574,15,5,0.310168,2.0|1.0,windows_2s.npz,full,5,0.1,0,0,0.0,50,10,64,0.001
p16d128L6,1,42,6,16,8,128,256,0.781731,0.833333,0.833333,0.854512,2726,12,1733,16,6,0.692606,2.0|1.0,windows_2s.npz,full,5,0.1,0,0,0.0,50,10,64,0.001
p16d128L6,2,42,6,16,8,128,256,0.631367,0.923077,0.923077,0.726199,2729,13,1662,26,16,0.317075,2.0|1.0,windows_2s.npz,full,5,0.1,0,0,0.0,50,10,64,0.001
p16d128L6,3,42,6,16,8,128,256,0.856175,0.916667,1.0,0.928566,2656,12,1829,18,8,0.346828,2.0|1.0,windows_2s.npz,full,5,0.1,0,0,0.0,50,10,64,0.001
p16d128L6,4,42,6,16,8,128,256,0.849811,0.916667,0.916667,0.950674,2650,12,1809,11,1,0.636046,2.0|1.0,windows_2s.npz,full,5,0.1,0,0,0.0,50,10,64,0.001
