win_ms,mask,group,channel,n_windows,mean_drop,max_drop,usable_for_x2
200,mean,정상,ch0,4867,0.00236,0.03193,False
200,mean,정상,ch1,4867,-0.00874,0.03628,False
200,mean,정상,ch2,4867,0.00064,0.06566,False
200,mean,정상,ch3,4867,-0.00041,0.03285,False
200,mean,정상,ch4,4867,-0.00232,0.01857,False
200,mean,정상,ch5,4867,-0.00286,0.0239,False
200,mean,정상,전채널,4867,-0.01123,0.09831,False
200,mean,환자,ch0,8607,-0.00129,0.01678,False
200,mean,환자,ch1,8607,0.00893,0.04204,False
200,mean,환자,ch2,8607,0.00187,0.05594,False
200,mean,환자,ch3,8607,0.00165,0.03007,False
200,mean,환자,ch4,8607,0.00247,0.02304,False
200,mean,환자,ch5,8607,0.00347,0.0279,False
200,mean,환자,전채널,8607,0.01745,0.10365,False
500,mean,정상,ch0,4867,0.00752,0.04314,True
500,mean,정상,ch1,4867,-0.0222,0.03516,True
500,mean,정상,ch2,4867,0.00094,0.07403,True
500,mean,정상,ch3,4867,0.00082,0.04326,True
500,mean,정상,ch4,4867,-0.00342,0.02252,True
500,mean,정상,ch5,4867,-0.00489,0.02779,True
500,mean,정상,전채널,4867,-0.02184,0.10549,True
500,mean,환자,ch0,8607,-0.00443,0.01849,True
500,mean,환자,ch1,8607,0.02572,0.07142,True
500,mean,환자,ch2,8607,0.00389,0.06901,True
500,mean,환자,ch3,8607,0.0028,0.03971,True
500,mean,환자,ch4,8607,0.00335,0.02887,True
500,mean,환자,ch5,8607,0.0058,0.03668,True
500,mean,환자,전채널,8607,0.03825,0.15239,True
1000,mean,정상,ch0,4867,0.02009,0.05822,True
1000,mean,정상,ch1,4867,-0.04696,0.01243,True
1000,mean,정상,ch2,4867,0.00238,0.07953,True
1000,mean,정상,ch3,4867,-0.0004,0.04719,True
1000,mean,정상,ch4,4867,-0.0057,0.02208,True
1000,mean,정상,ch5,4867,-0.00799,0.02553,True
1000,mean,정상,전채널,4867,-0.04113,0.08859,True
1000,mean,환자,ch0,8607,-0.01263,0.01542,True
1000,mean,환자,ch1,8607,0.06503,0.12532,True
1000,mean,환자,ch2,8607,0.00819,0.08058,True
1000,mean,환자,ch3,8607,0.011,0.0586,True
1000,mean,환자,ch4,8607,0.00672,0.03576,True
1000,mean,환자,ch5,8607,0.01164,0.04757,True
1000,mean,환자,전채널,8607,0.09564,0.23919,True
