config,win_ms,importance,group,channel,n_subjects,dz_s42,dz_s1,dz_s7,dz_seedavg,wilcoxon_p,subj_positive,sign_stable,n_seeds,p_holm,sig
d64L2,1000,abs,정상,ch0,35,-0.063,-0.373,0.0,-0.233,0.002868,6/35,False,3,0.028678,*
d64L2,1000,abs,정상,ch1,35,0.217,-0.337,-0.003,-0.042,0.903465,20/35,False,3,1.0,
d64L2,1000,abs,정상,ch2,35,0.104,-0.237,-0.047,-0.076,0.621516,17/35,False,3,1.0,
d64L2,1000,abs,정상,ch3,35,0.433,0.23,0.479,0.466,0.018248,24/35,True,3,0.164231,
d64L2,1000,abs,정상,ch4,35,0.113,0.075,-0.111,0.019,0.802041,17/35,False,3,1.0,
d64L2,1000,abs,정상,ch5,35,0.442,0.47,0.386,0.578,0.002088,26/35,True,3,0.02297,*
d64L2,1000,abs,환자,ch0,26,-0.07,-0.766,-0.331,-0.426,0.046266,4/26,True,3,0.323862,
d64L2,1000,abs,환자,ch1,26,-0.158,-0.364,-0.194,-0.314,0.291376,14/26,True,3,1.0,
d64L2,1000,abs,환자,ch2,26,0.87,0.867,0.819,0.978,2.3e-05,22/26,True,3,0.000273,*
d64L2,1000,abs,환자,ch3,26,-0.302,-0.235,0.179,-0.171,0.72654,12/26,False,3,1.0,
d64L2,1000,abs,환자,ch4,26,-0.444,0.166,-0.039,-0.115,0.023611,7/26,False,3,0.188887,
d64L2,1000,abs,환자,ch5,26,-0.083,0.25,0.071,0.118,0.617092,14/26,False,3,1.0,
